<?xml version="1.0" encoding="utf-8" ?>
<!-- Copyright 2016 Roku Corp.  All Rights Reserved. -->

<component name="UriHandler" extends="Task">
  <interface>
    <!-- Field to issue a request to the handler -->
  	<field id="request" type="assocarray"/>
    <!-- Issue a request to encode to the handler (contains top game content) -->
    <field id="encodeRequest" type="assocarray"/>

    <!-- Contains main menu content -->
    <field id="content" type="node"/>
    <field id="categorycontent" type="node"/>
    <field id="deeplink" type="node" />
    <field id="count" type="integer"/>

    <!-- The # of rows to populate -->
    <field id="numRows" type="integer"/>
    <!-- # of rows of content received -->
    <field id="numRowsReceived" type="integer"/>
    <!-- # of requests that have bad/no content -->
    <field id="numBadRequests" type="integer" value="0"/>
    <field id="numCurrentRows" type="integer" value="0"/>

    <!-- variable so updateContent only runs once -->
    <field id="contentSet" type="boolean"/>
    <!-- Caching content removes redundant url requests -->
    <field id="ContentCache" type="node"/>
    
    <field id="Cache"        type="node"/>
    <!-- Field to store category tag for the current content item -->
    <field id="Category"     type="string"/>
  </interface>

  <script type="text/brightscript" uri="pkg:/components/SGHelperFunctions.brs"/>
  <script type="text/brightscript" uri="pkg:/components/UriHandler.brs"/>
</component>
